temperature,precipitation,public_holiday_indicator,is_workday,day_of_week,spring,summer,autumn,winter,windspeed,sun,school_holiday_indicator
17.037775260322643,10.956193968098262,-210.86212363298077,-57.738808895508384,-88.87136186952321,-22.461977082971284,-31.00158187797401,-41.45928806905892,0.0,0.0,-9.031817808767485,-76.60700007342422
0.0,-12.897758039926225,18.705164131758963,29.62405620403441,29.206345990937564,-27.486324401138123,-32.5917403348234,-48.46496371854661,-49.32877264691337,0.0,-23.804334189444297,-149.9520872720622
-58.18215221143541,25.448725607501306,15.305211601474136,39.73329917007858,50.31443157865199,-19.204302863246006,-29.205789294424793,-44.356147957804076,-56.98048816498936,10.834460459973736,2.3517272413011,-142.1150022361732
-22.60734876550007,19.218969640638598,20.709671307562967,40.6454460738785,55.44058683019316,-28.97470980709168,-27.939618903548244,-47.051353046627625,-36.83348838965447,-49.05079716113835,-39.917867055845996,-145.3043739931307
0.0,19.28249776669536,14.605610334798397,33.06058809708189,56.438737426389515,-26.117351239552324,-34.76973427186176,-47.86144799146794,-27.61652949980979,-17.240841148720662,-34.435834830287185,-148.02910208345128
-2.5158877648038196,12.363536894322252,-269.9819796770013,-63.09136222202861,15.03840574782562,-21.5373570565447,-26.850705609088337,-32.6587575616924,-12.873731362668073,-12.506848801461267,-15.875811785435033,-83.7251958392664
-9.016071348491023,24.207988083151683,15.760329209443217,-58.25009589337329,-33.69579357804181,-31.74044068274951,-47.32984051090042,-52.615593186143386,9.802875458687291,14.69849193982635,-8.758116466572709,-114.36573177361589
-15.896028144081832,-61.373737705657184,8.376303012520914,-65.60731536667228,-161.10831392139423,-41.446406543141705,-45.96376520608694,-46.99560296673551,43.35040496504382,11.208596304982645,-33.584732001412036,9.722561836550199
-43.495174078432015,-59.87431953683651,16.907684145374198,41.21853091565436,44.36805456252218,-26.75579331028451,-24.568057103062838,-33.84496664477669,8.502035922410554,-41.056413901710194,-15.363295747647625,27.144060510431416
-46.85491334462347,31.869968576479316,20.386860392701212,42.391303871595824,65.9296314035208,-15.420752762168473,-21.922346101095826,-27.51917870834319,0.0,-6.879868829428111,-15.729919596581231,29.384929972210514
-8.319705114880612,-94.68668425186031,18.884934251140393,37.2922965089111,69.45306301434672,-19.724089674184846,-27.198279392339266,-36.848442214883036,10.660802183562652,-31.475904687687493,-52.41442878329314,26.057319051060205
-2.51462851557036,36.95402185204384,20.594678844066227,53.70553920075803,58.50967500931371,-22.52630470947413,-36.75405236884404,-34.26708742910135,17.800786262685612,-64.98119698185752,-34.968824342025016,29.002114399928587
-14.76655781667556,-78.53458478542923,17.994920003335842,32.61716710670903,22.229907024261763,-32.24115806850788,-36.00115515018448,-41.442408384272376,55.514054854866686,-60.2573877957514,-27.151148621916494,27.85955234767522
-9.20320629081811,22.44164919316504,10.742249220946965,-81.95360403769014,-42.58649217397297,-37.3642235557379,-42.033078055790774,-46.24823946255024,57.8406047352348,-25.07343616543382,-33.65207250015497,21.88858886941324
-26.033150366508735,-37.34345342665978,2.947058082408915,-69.74407319823015,-142.46221151446963,-34.24889415297799,-45.50886212824606,-52.1902856801451,40.49386381540897,-52.46600668288182,-31.670460611883296,19.134987369311375
-55.59551886986003,-45.45553185259598,15.976486137657913,43.71976286101243,39.75958014622938,-21.368636809541858,-28.377128390101742,-38.02806756084986,14.719237967392791,-47.107338083348026,-29.244751325045698,22.644914354489913
-72.57636788294961,29.58782865931528,22.7433322992295,55.91981895626634,54.618742599022944,-17.690474675142735,-31.060547232139406,-39.8896776627897,8.832884515469372,9.564330480033492,-4.242996825807387,29.360396819540533
-123.40602340667073,0.0,24.03892429483827,41.369521822210025,66.6917491736462,-20.30870654051286,-28.708152391517096,-37.32830157105128,14.324600680832441,20.74904520744645,-25.549043149428478,21.24580436775568
-141.59401015882486,27.983691157087943,19.786858877378275,30.85484333316284,52.90846128052632,-16.208166964840917,-19.96898554277365,-38.637910338413015,33.29993590213761,-4.378192586790204,-19.163852230719225,21.373586579929977
-140.96338518332342,26.067155354540073,12.904721980036205,44.57587361778882,26.111791377072866,-27.278547556956106,-36.6879579134198,-39.307976995420276,56.90637828997735,5.038718636432198,-9.848385113729131,27.55171558829987
-140.81383695749747,30.108254820487037,18.310621124435663,-78.9736501427401,-40.96946722153061,-32.27953412745765,-34.2236360821226,-55.718550140825755,59.93793624415185,-7.677701259392752,-24.203535710928897,9.197804806204317
-107.86392313710081,6.867543656601246,19.61664494738534,-85.06648861919501,-148.26304861587374,-37.32891317324314,-45.63486460230178,-57.28036851297556,52.8767923335237,9.571762432123023,-27.01237655998924,22.407486585664913
-118.76461832704612,31.34656797807094,16.301924903840785,39.38054417670777,36.33095638254856,-17.859643937393052,-27.564969196074173,-39.59500645583033,12.41575319784975,-14.234802520765822,-28.01403792421692,22.976481655169735
-107.31642262336729,30.07137023843741,21.106801315966955,41.44441191570077,60.02595493614556,-18.0764839511906,-21.57010666996811,-37.34261181383881,14.116735968298078,-23.139478276266946,-33.42202337736949,25.537371899219835
-119.29968913990209,34.14254446281628,24.354885816769404,39.979153653463094,67.46037042174476,-17.75983150368436,-24.98655433482602,-34.86978294989102,11.163213310738294,0.018005364404706313,-35.99137944185444,20.018407144176244
-144.77925715390433,35.17955709432944,18.078768697099484,34.23169461763916,55.52008754288388,-24.569905941900217,-26.65604503122834,-37.07115209353448,34.80509518848679,14.599365012883393,-25.787466173466438,28.976635712635286
-131.04855603168434,27.6061217243117,18.893202823611944,37.72329737423095,32.2151791624624,-32.0889812677881,-29.186094695294603,-47.92489493695889,57.8660926014903,11.86183479776701,-28.70637614243139,23.711205382519154
-100.24964075439357,21.42108027304167,17.79739526276754,-74.82245775436503,-32.00087922347139,-37.61197031842069,-31.3530274540072,-51.82552714083407,61.62735331719158,-1.3307156404774467,-32.64910312635132,20.520902746087245
-110.5772830990176,23.16379702959209,12.23710352967913,-86.20426508883565,-147.9705821641345,-29.980347483977777,-42.8400775817223,-53.94203128411466,48.54610088964544,6.935930097804212,0.0,13.40801028813803
-136.31425943411028,30.771994792235034,18.93895667959297,35.83797621491947,29.681355439500585,-17.78153422983387,-23.350228524091406,-39.864932365717344,13.761773534403872,-39.93735263580616,-36.94663210907329,25.624913430216566
-99.37613578126155,32.868419180248004,23.591414114009385,46.08318885682909,51.67094019624076,-18.991687544934333,-23.214029242117824,-32.81468634302641,7.985154344362399,-37.11201334658854,-28.629611483807864,28.65947872118926
-57.86330785946997,6.957081295329559,19.303997621433584,45.439289900698185,67.65852915691444,-16.33692193607865,-26.59950276245811,-36.95053324827588,15.251730678181424,-42.83432456574014,-32.11135970837673,26.37258659507841
-39.90312879096145,37.07834268911938,19.471524321252677,42.092968213679725,60.42827705176074,-19.893027021770422,-29.15069035186957,-33.5151721994812,27.587463350281176,-38.48621562610514,-35.105777893750165,25.292320565705367
-39.95521214722465,28.758527555607014,18.84697817617113,27.738374737752615,33.55754726706527,-33.60393158919021,-26.936897110543747,-44.783606055139394,63.330735017924574,-43.544560489299165,-30.117674610093996,36.30814164076918
-37.11492981982775,-30.60069041035636,17.20391691331242,-77.7020126096217,-43.48661777740241,-40.05978760986932,-37.84033264176704,-47.09566325617934,61.40128996090899,19.358380608952164,-3.6024376993552205,21.037422701801063
-62.17974587251103,-53.66026166853176,11.282194841005774,-67.94543734101718,-153.43890147794488,-34.014647751290596,-41.87317570017531,-60.99359578644382,61.89672805347057,7.2753188898991485,-33.31939545885464,17.345067984551633
-94.27063575517712,30.14993484740236,20.24206504188258,41.32298911878912,43.89266457650621,-15.962785837808523,-26.80673557410591,-33.82558913439554,13.632835009872997,10.634469325404725,-16.675051930372437,20.247966319081407
-147.56420955365422,30.45206436468604,16.138659622747422,40.71096032343039,60.56534553873182,-22.35585840006305,-21.803744732218718,-31.473716418296497,13.703119108633755,-9.664452829818735,28.398459148995094,19.81241389640656
-154.34454509303723,29.237638581684312,20.84489479524044,42.940059133962194,64.98102833434687,-21.41443203772799,-23.7911429138238,-36.99183264001861,23.87897992395098,-2.399824862739173,28.239055161286878,24.101405338798756
-171.6439619762266,27.11774117770143,21.319924718698694,33.28854411464123,54.104111097251916,-18.8520024583421,-22.35308569444462,-41.961999287602175,35.43059620024414,16.736094422743438,24.32205731718371,20.845956961168284
-122.75421503280646,24.220893486073354,14.850479668159554,34.195934155447624,35.875876580155406,-19.728087710625452,-32.561701723867685,-41.93672268089409,50.178169509038106,11.941260820207487,18.07384217279851,31.442644321987263
-71.68644380213667,26.35639399482773,14.473729277079542,-77.21356554405409,-46.22085091624489,-23.99828051992884,-32.48606065398251,-46.62834532432721,61.72992198833776,0.0,0.0,14.561840886415325
-32.84051117143511,22.809720913037566,6.790908608648975,-82.95244353372962,-157.3357607672983,-45.53161555442384,-46.505246797258984,-60.92393611580602,51.80528204599784,0.0,6.848346195702522,23.641289654347986
-84.44121460071946,25.394541570186288,25.23181809531009,49.5487924271417,39.15820576051967,-18.004648729721858,-18.39762813603662,-35.963516482484714,12.534725721603856,21.59819495884628,18.04569380096121,22.58394873084842
-133.16782942086456,26.519101584477315,21.78154494232803,45.81238976090723,62.73772184705115,-29.693531730962867,-25.088112891892287,-43.2709267001411,35.25372889731358,24.445719453723658,-6.97882311592676,17.041751291222738
-118.46390476335543,25.34456514939083,17.48659961599127,39.10243154108425,65.81484447923421,-17.622627649591152,-30.501499696456598,-39.257971933242366,21.23693268372623,19.53863966177454,-5.471672115026941,26.785945283551023
-42.91461949773987,32.953103128865195,24.6756697475103,44.49147317138275,62.55092860276275,-24.398856232658805,-29.212008613892078,-42.342288400794125,18.351044327925575,10.296440755771108,-14.389199656862992,21.304252151372552
11.059214288671276,28.12348341107354,24.844543963417692,44.57763117224453,14.32409521016304,-25.49277625036814,-34.316124251806094,-40.859273158298635,54.69404761923313,-30.043975730940748,-35.76236252120404,27.700590028331803
16.711699311045138,31.031836265645317,16.662817970623433,-84.73464470207662,-42.21682300247784,-41.23390789550585,-37.90398615312001,-43.14066153784553,48.60389157088734,-41.99428713590056,-31.248166084837024,22.42945871900139
-8.054266277075977,29.40152135573413,13.472596434595355,-87.0443841635737,-171.3738062074615,-46.096468639855814,-46.07536838543201,-54.90334306884615,49.31558142849878,-18.05531895066094,-36.688166879311034,16.071610883906203
-0.5702654820606395,24.985548238515335,24.70376092092331,47.276852555716026,41.06504425029874,-19.85288178824042,-30.939972570233195,-25.443235318353484,-6.780732183784122,-10.847177632323229,34.49996875367022,31.878831985607604
-5.033277666475434,22.630129289083406,25.846079231597628,47.25952386437677,51.92290505734946,-16.276280054648932,-24.1084694654605,-25.512151091793992,-21.47743877909795,7.743691843838077,34.04596569334321,28.975408045905624
-26.97743542486444,28.87681790872193,17.555189547268746,53.801849647043724,68.52795408582715,-17.865184455910935,-27.049086781325503,-34.25818846745035,-3.7496999304583394,13.239110223411522,-0.6262283412619302,17.85122965623455
0.0,20.143266469027807,19.61139300237462,45.4168343847742,59.43866524818498,-28.892577725935155,-31.892096737677864,-34.3523174127691,0.0,13.135811682609555,-24.059437661119183,27.574515909953753
-9.923253402825893,36.949541769206,13.409940664696979,46.815174122146274,25.48583953255105,-25.44453413597994,-36.576197965518745,-32.83254397313346,42.43264420266619,1.2659641462977338,-27.07285781240839,26.28883952344455
-51.69424566487256,28.567991259391906,13.499321680293752,-81.80653000909776,-36.442044821058516,-35.63762778122996,-41.52835833508566,-52.92360728205523,62.00014790961067,4.868668707622634,-22.60625457649148,25.296871951302023
-113.327017575954,19.2222130617234,3.2075721011757707,-73.59370781615853,-155.24932841599002,-35.27063792332361,-38.759281291155354,-56.4565022443487,51.085171734621404,-12.336734428887441,-16.419119420229524,10.11240227834088
-127.95400132824953,26.670276836711174,19.673074564154536,41.939431718987,41.671262271852335,-25.124145492603713,-24.622800452104954,-26.714384939739748,12.98619274111562,-40.107575788761665,25.231035894711336,24.24241476616372
-130.8635906728387,33.67388867313264,21.595938092962296,44.25334356126532,61.55162861474911,-21.801640612465828,-31.994580362662465,-37.26297675425617,11.079748769276645,-23.810510494861596,5.068122733240525,28.2868462564131
-170.436972110546,27.779444194614953,18.892923466885396,44.960391668886096,64.53112221523183,49.61569249651064,-23.908463249247784,-42.25281726829041,-25.598391077980263,-9.107615712061753,27.46732815536187,15.710222973809039
-136.0806959117884,24.743815240466894,18.586013430195635,49.142110973604105,58.27476753946479,70.18784172674813,-25.625228227459353,-47.309239675091675,-23.703491522827463,11.851115372535826,5.058079554847709,13.276556549352431
-133.780267433355,16.50180198451406,19.71561936870121,50.301249582725774,33.86399652025706,103.85677522877573,-24.453834410009048,-46.25092177466158,-37.83704669800612,15.672786071072236,20.711650448206665,16.879316142296368
-147.94327275215804,24.070823408712986,13.108383629736121,-82.96599096378867,-40.932086000491985,104.39393494009877,-30.44578241932417,-59.98171933141994,-34.41850456056005,32.741302919612075,-17.090092560869795,17.86342803737631
-97.8139751008929,24.030670763891475,12.066261602377859,-83.35704485382226,-150.05334378337074,101.77419370306518,-33.68186451252185,-63.39538748793051,-46.873870468477556,14.368867885066935,-28.783483530895214,18.077468978089428
-131.45269063702673,33.70931020477281,21.703832860901073,40.87383791542047,33.695921039567345,53.67577847923414,-21.49494645820705,-44.76184302440859,-19.002372185678755,-4.700126960673068,-33.119121361743794,13.079973381015776
-101.90019940587484,38.210618873208674,23.598963335521788,38.153172784501315,59.48168253158384,53.963353583982816,-17.14652595338676,-42.663691808194066,-17.48655656696631,-47.27156194247875,-27.24300877456369,14.085037064589592
-60.37069655395091,-101.9799965442189,16.890848218505052,38.41205817716988,64.90463475447083,64.53780903310688,-27.033937331355617,-45.357660757073006,-17.384434794242328,-42.41917360240891,-46.30237179097441,15.597370196098154
10.940100230535641,-33.43977396462659,18.523014421094445,41.829333193633566,57.751729797797815,82.06697271252807,-26.710845864206238,-44.77082291720851,-18.687585083006162,-57.619103853360116,-19.661143789966243,14.35866420980167
-38.67914312710426,-132.28747118422385,17.261908688841274,33.69639440832649,19.31716535312227,92.74483919320757,-35.327308326239844,-44.985577278341175,-29.634972470051906,-92.83357312140552,-36.91203412987154,9.431614797695318
-130.31781793208913,26.588694459364746,12.549423617051401,-88.33706236522941,-37.24795970899175,109.32945609394996,-36.34476892841465,-56.78739506230068,-37.27184390619685,15.480750913226224,13.851912948035904,8.799642861096004
-61.15085304142382,8.96733585585879,9.56404431092943,-83.35436970505312,-155.9268006155547,102.01891484458116,-41.83170374915796,-61.515439035247844,-42.73736098545046,3.139418890788913,-23.161825083089123,10.762872474195433
73.61954483965218,-127.07338507422902,20.608001058791842,36.35030680060107,58.199785200915876,62.80800182516539,-24.727516581020463,-37.48937956631342,-12.4546704323707,-70.08625559782352,10.853042202754926,14.66483687783071
-23.555454450309057,0.0,20.926304145428293,44.83218328326853,60.28262139452827,61.11912830957415,-22.957977955279137,-42.18046023123134,-16.463376077596727,-77.83311943675217,-27.56765019914486,15.521797341781447
-145.41187856872554,10.914874657283189,24.102028337152596,44.40580289620421,60.38253310338431,51.81225418540465,-24.239171230895575,-46.84059790717962,-20.73139638455768,-4.579609146830925,0.0,13.83137297990276
-68.50048016164935,24.680515088479765,20.87151637277127,51.6058182145222,61.39039450292733,76.22792575391519,-20.309693559668087,-44.82311665869669,-19.717741091645422,19.20631986232928,15.578489623292127,11.3541726894085
-1.1087898780041137,29.698302333450265,22.287633082185625,36.18856775289711,24.405385864070656,123.05269980935023,-34.76414649758804,-56.10343997529558,-21.111685994021084,21.343139514996167,8.424417427520655,11.216453700330419
29.182405462030545,27.768267146692523,15.671646293638325,-93.45181653336054,-43.74367362597679,126.37169313639232,-30.52206588531316,-58.29389332936755,-25.957043491519805,16.36691584853333,28.48320445500942,12.099369831102493
9.769502474764707,28.933727082864472,6.653441281344109,-93.65563077777279,-188.74164157067838,111.10191859806831,-33.641936165210794,-60.785339776919415,-35.531565857370275,9.665623071339164,-7.340797782204212,5.202921131979991
2.9891084531196856,30.155594421416307,23.895884434052025,52.08301325329662,48.852882777502074,61.39102836905072,-20.349324688818864,-42.36440624904378,-16.477300789377107,-7.948077375980642,-14.634370148864736,13.862178023383748
8.506868481872177,33.4397388299316,21.33446363734257,43.26180096252469,71.43137178438687,67.87272370140458,-17.19219254289188,-42.884132944665645,-9.778786338294545,18.971392702869863,-7.655618199309237,13.056600424096303
54.982778191773924,27.485450303730953,18.925412007237238,54.994306615588975,79.96632326664796,72.61830997254225,-23.889581312878565,-33.94606960685193,-9.171561447151754,0.0,35.890696453465786,11.725573281725076
63.392076120062434,22.265384451413826,20.660027635896334,44.88077255987657,67.55418758459415,96.36303984145651,-31.87273059344144,-48.69809336311076,-12.045336784933905,-3.3012605493211167,-33.39085177634858,13.023262931717056
33.270404596312964,-85.04684833177892,18.741520350602023,33.445320478797136,14.87484156277176,117.49548221261863,-38.75222860557761,-47.74319803945529,-22.097346664679304,-41.1816826219482,-32.11470136431715,11.419810480608817
-4.248214293633121,1.0672463800682217,14.536401956435295,-95.55808294360014,-49.5868596422083,110.30092941742535,-35.680687712951645,-54.20681553717655,-33.62089434246665,-69.86154661723623,8.764452010269268,14.118336004029345
-28.35875402338499,-53.462371443087804,7.606698484406287,-84.14251371209771,-167.04292503017066,95.59370117430018,-37.34372270345962,-57.00750555254436,-34.4304957178043,-8.911981304069688,-5.324033865786876,9.374840735935607
-106.4981601149935,11.70135358039436,19.83583994498832,46.56038093223643,38.776855567679505,55.707474470747506,-22.443042344488607,-43.20659057128389,-23.97270107061838,3.859577760397435,8.380681304893283,15.597070316658659
-97.34695713870777,30.508590856787663,21.87457952767995,47.34109566260327,55.37851494541185,49.089984296630696,-17.50543070557726,-50.468843038026236,-21.766657621300592,18.72142006395722,27.272281812692157,10.662441387897644
7.0656652124440615,21.220363457640964,20.92656364573127,46.71299997677683,76.68851983148261,67.72943721626582,-18.927992228746753,-33.12550083488462,-7.353408696732228,19.280459144314552,-26.22136794516529,14.764487813890156
53.05999304493473,-78.68456941030094,18.071568455596626,40.76829662272144,61.562645200045885,88.42349264257959,-27.147111221919847,-43.434560631081155,-16.277792821639306,-27.732132387505747,-14.048901179914932,14.9279970099698
4.3960578107732955,-107.02993357825729,13.607966926613077,40.86470379016306,21.521414492629738,108.18525338747122,-35.21148854434505,-48.55388724526011,-29.465846156860522,-63.32165297588048,-11.375395962523413,17.39846677740009
-23.405774781229685,-79.92515258632216,9.038724744304362,-71.88623842902156,-51.78144244504723,102.9339046677487,-38.289527285562194,-51.499495036068424,-37.46509523705549,-71.34637098948893,-33.09647151390779,8.133311969042722
-32.24969714302407,-12.71969807431288,15.800473335913978,-88.02542087057272,-168.89590209098978,105.12232862052367,-41.82990085359592,-61.83090506158634,-35.850746441796716,0.0,-21.563590508976052,8.320039831824886
-103.2463381570698,33.67235876160035,21.204424713723125,41.99371082663448,46.053395887453476,54.660329360303564,-21.421915457759916,-43.86103864811801,-19.8690873986764,-19.173974226802255,3.709106748051499,11.508492464927265
-124.15772428220818,25.53679917246941,21.67138517158505,44.781952712664165,56.70459878212009,49.337110531335625,-19.369858185569356,-47.82353944870662,-19.118255997187816,-6.130773166567747,48.804238984571214,13.463928548980281
-104.25119666947504,29.843640405505038,17.336070608054726,48.73301925481557,60.83762398550467,50.35929156305131,-21.235630488417435,-40.548627694722434,-19.749389789628246,13.293278403210945,45.02565003593185,11.622234283873908
-63.800474773063364,26.91332861102372,20.63807028426357,44.3450303583878,53.87972197369188,88.42333640191708,-22.299387082297642,-52.65104138381958,-3.3185200407746045,18.59878005652791,24.721559602784453,-67.5786661851551
-19.887377408587515,-8.928270269405438,-269.37838967034855,-76.03839907891408,16.32615771403977,71.03537948682114,-20.496518091269955,-41.3926694466661,-16.568193679925436,18.721602173706284,3.7072590349326626,15.87210920754086
-11.966630725157364,28.29794073382251,10.601635416977834,-90.15951416215646,-45.54395881209085,128.57451491823872,-30.416432717588492,-57.66547053098241,-18.606433120784974,10.835899981514574,-22.736899644765927,17.03342925989645
-2.8865029920473027,22.951894649383497,17.857283562936484,-99.06456162276871,-176.86820780547427,114.76967584874882,-41.179225098845365,-59.00605906355029,-33.70323439317648,0.0,21.541517861018143,10.922383195620938
30.08105881696575,19.012276462128995,-325.16370049449705,-88.62250435456588,6.810566201737727,68.6024447041659,-28.44193864128858,-36.054430348627534,-11.4161930435174,17.36629489797886,25.892402450815435,14.790568594064894
10.32706734945771,-5.270979790344079,20.792004985890244,39.526956646037625,74.1070086963029,80.51184041552092,-23.14434059198627,-48.63887490222101,-0.9001012720617804,-18.775700199773347,12.186413125235312,-72.8496787088846
-7.628593199439691,-115.38588645593872,16.7002359381851,35.28637922819354,61.993839028052115,73.46302822537004,-29.014724273830076,-50.8697585638936,-1.4600923543291917,-19.724106293683423,-41.37777953606908,-79.45968087225592
-29.49981173529489,-21.610576203608275,14.409756917805515,40.2580726153886,55.3512057844185,87.78232566094948,-27.752251881047062,-51.757176832448025,-5.646009931046721,-24.204429081393062,9.092195200189769,-72.95024433105272
-8.899398017603266,27.575833132116895,15.205899893595168,41.865610522202694,31.743434708897162,125.53727841680178,-20.75617503514159,-59.42796873834268,-10.614434609145507,20.882274795012545,56.03771761629108,-73.05555654088562
-25.279117228319198,-15.91981682156595,16.70392352098783,-74.42738818046885,-47.794702876135155,123.77339889190304,-37.4786364236635,-65.70882808692937,-16.57049612499822,16.786077281477187,3.1509086289725103,-62.519102335899206
-19.778100995897823,-60.67554393899021,11.772167923790564,-85.00818209857718,-168.3013199707803,106.86919736969918,-37.195555449917215,-55.11481293365199,-38.514950322947534,26.079747572405175,-38.87265873854479,12.422693010413866
-1.12183377471957,32.780829121944564,21.781625924547704,45.728971136399785,41.746945707885345,67.69914918463799,-22.58031949188528,-45.80557394996688,-17.583655682724924,4.8653771661416725,-31.495795715124984,14.310791145569468
9.27029791900103,38.4785274602022,24.696284635232427,46.032404846400844,75.9545631405031,60.92593655623677,-17.233789348402762,-42.55430485865371,-10.989517350577366,-24.568644912432266,-11.636476229951086,11.749263583114413
4.511768227791052,13.5627380982611,19.220683566437334,46.9830634543289,73.5755835386437,62.16325503587096,-17.33785764681246,-35.177452921864834,-7.370694665170421,-1.6552923036173643,-10.930951283427973,14.39891620742111
-65.94459420539062,33.87324885460003,20.22416782802893,44.90457576315114,63.622355674147464,79.69144721655823,-23.24815696408172,-48.4434790871296,-21.985768234469994,10.637245763256669,2.5755521389921694,13.48162256801092
5.444123193368314,-27.087934057966983,24.717675873125447,43.278960181145656,26.861730018419667,128.777878740946,-33.73688267080305,-54.57558047235524,-24.348918897152934,9.78319347652284,43.956443884402105,12.841453827271806
68.11622714103208,20.203841795942573,21.312142531544225,-91.4147916324768,-50.03425596913428,139.1206267451164,-36.01406428959525,-57.327695481872325,-24.237285876120232,15.107492269548933,19.217049761302523,13.56964321101077
37.67706303838965,-27.546444955738863,10.135467042988909,-88.18521284082625,-170.79487659287574,115.31736245478815,-43.50191915218455,-58.33795604242317,-35.07709249224231,5.7800991254212155,7.445121426015323,12.934705669595616
-3.38011276774649,-6.365505149236847,20.086773740056273,45.753807833094,51.88587901707415,64.15285132323282,-25.76917017870376,-45.71647252198251,-20.23170512049411,-26.34473524567521,-7.682645432728996,14.482711291440559
-40.77074046947948,-89.27330756132774,15.948783190029582,38.03932388800897,57.77759329834872,68.96343770533906,-20.88901198391698,-42.358268808170735,-12.615475206268304,24.839509526100457,-41.60864661342061,13.159422205899432
-5.899719048344461,23.35214456873383,22.669009211210707,53.911445746151095,70.26422680186849,63.29754577671869,-17.840088190707466,-40.21562049296584,-12.669096055921514,22.142949938988416,49.33819777809533,11.611501067002564
50.1463761950228,28.632498300223787,20.48328837573644,47.824879942192176,68.47316211692313,86.55866984956003,-24.71854324100485,-47.710873257093844,-9.62655039351012,16.766797451425514,33.601870865314766,11.819250974165016
62.477185182596635,-60.64619104063445,23.053870634295254,42.7426372167016,10.436759010900195,126.62871774334498,-37.112476622264715,-45.226962092712874,-14.366335575983474,-6.394034491907291,-28.90465345768355,11.101006961365059
42.25028146687391,32.78862269206103,19.363926892855087,-95.02597715877677,-43.20508325206834,133.3527327422505,-32.81973567114642,-55.84861480886339,-30.604248848113734,10.610590436947675,-17.48493120574094,5.765231666113749
44.936281081008325,26.977311175139146,13.325486955702738,-100.12270840641017,-183.74035673964752,121.44862038031918,-41.419623324375635,-63.74117850232905,-32.948808285736305,-1.850785089314694,-9.035592294109216,11.450225883004947
25.872019367863437,-25.11205762093802,-300.4763608315916,-81.33959511707343,0.0,66.37616586630236,-18.61314849660272,-32.715988347261565,-10.20121513536749,16.07841676640855,-19.248306346118568,9.737632302826057
53.52417073384487,26.931191734105443,16.66830738403108,50.76492399976511,67.08321641495434,71.1749236967643,-16.216078913166303,-38.79030253032581,-1.8180046773244438,13.104873502750417,12.46055720858086,9.589428019506272
61.5371546606571,24.37841522372562,23.532594772176076,58.66779620585697,76.7829665198401,63.94791953109426,-18.736507609635396,-36.83259828910802,-1.7190806652304726,0.5434724340412251,82.6513528216506,11.959988058261786
102.12269151266135,25.02948959854011,25.116707598734283,55.27944411228911,68.1737233705461,98.33693620064146,-36.1072246642972,-38.53144744425452,-11.16324847415162,10.388288674235973,66.67005039300433,14.887503703349239
92.93960463698556,-39.22688487287172,19.43331669534761,44.78137831835048,21.45067210494442,131.95536643389184,-37.417605755924924,-54.45462241982119,-14.201027940582028,11.048915412112686,-19.100803842820312,16.720008643717478
77.01083789274482,23.14131268503131,18.12327576083764,-99.0894538454466,-43.07815899622179,143.88977883932617,-38.79490400614936,-55.68060140051598,-17.673307703672734,14.318851178898463,36.778019729193694,9.478638958991738
65.91541627193844,-68.83994895360844,13.07636476337324,-90.42929140226599,-188.8859261778443,116.95541623139884,-47.141532108983824,-60.4608430358959,-26.06156737449974,13.362774037973312,13.851144640941804,10.132056370411817
87.26633575563687,26.331219612797238,19.005715487923588,51.3228146604982,45.788284416740275,76.0777669625067,-20.04320137814775,-39.45531605511041,-2.8180199534378336,18.135290864207782,-30.43720790391395,12.049678888941656
91.72018199867671,-61.05124034404922,21.547512711094605,50.017686465954405,65.66587227959171,83.34667343741462,-29.097622610844766,-35.49824395727063,-2.859337987695763,21.063867265142335,-39.21413385608428,15.27300289030643
69.58467607551258,32.49555286155621,22.726453337412252,51.18333173522295,74.30089272798584,74.03645192156166,-25.07707377490067,-39.37681768062456,-5.591940856235911,0.0,-14.84032738943353,15.845394822460548
44.11357007700753,27.530122334360946,18.284569338974833,51.49544666860277,64.5556551181073,88.74563045797443,-22.58816916557374,-46.00094266366685,-9.690712685493141,18.60196107455565,-20.362956376694704,10.290224778143568
45.15062423435191,0.0,13.365728095339163,43.96163747206548,16.553547669152277,126.25116652673593,-35.278222365712665,-52.66758216035958,-18.06104693394725,12.356356819891571,-27.682597168293594,18.44226723582537
53.55387678787394,23.375467486193937,16.83194728016926,-98.15333063896557,-45.56362214451146,141.41292296174024,-39.93814463626819,-49.81930467969715,-24.38237983867449,6.9530757748032075,14.610933442963121,10.350952766140521
55.5399235783627,23.541738172407708,18.092077408322584,-95.81439423697071,-182.86403898295433,128.5366415462951,-48.38255783014044,-64.1964174498674,-33.74441951845275,6.507871687708352,28.222576427802423,10.940061239722866
72.20125955459314,11.717062618655552,23.087297545927587,47.956690167611214,53.885138729290055,76.79129360346442,-27.341029497098997,-36.03436635110566,-9.471988079377997,14.453363376785628,13.463566815797371,14.28582482722507
42.86344194909548,36.60539031522712,19.237244405783077,52.58235040209514,74.39488678653727,63.282277753365925,-22.72125977076901,-35.75025331747623,-6.26748413427243,-4.98128876427155,-21.86581765141001,15.907899263643799
19.813316615753656,24.361471040965334,22.059866391320185,48.44472105164127,82.08402156298774,76.35204274231313,-21.995889085116577,-42.655405393101184,-9.055707271900214,6.992964674768523,-3.7591316381851696,14.878392913289417
39.44367065482989,18.702816657009926,-325.4796464992718,-87.51652034115186,41.243043852035804,71.23749945953818,-27.634477288036432,-39.548966724970185,-16.114383081584442,-8.708652656564903,54.449733869387636,16.282879932029914
60.88139654839151,31.75314489048475,17.536718456812586,38.50979995849316,21.79186935360852,127.9424852478798,-32.31183181272911,-48.257364119001075,-26.726119429098876,2.744083681229499,0.0,15.049364129446587
96.31359239499815,26.64140710802292,17.679467362186017,-98.57285799491888,-47.23030445832826,142.28916729900942,-41.8535439770347,-50.11609907521411,-27.27246563698038,-6.256246127489225,0.0,16.068102374547664
93.09333310402526,23.026886622926913,11.423439377646371,-100.14215854852725,-182.07020535976164,129.60513620726138,-54.935904902657164,-63.51862466404026,-30.34712060056268,11.024179435714743,-3.2912570411549256,12.117559583240364
118.11526294725462,29.283676488494535,15.548217136043311,57.174839505654894,52.371223964558354,91.19072025470312,-26.002595722626197,-39.705546659517026,0.0,9.288752168540654,30.474981728142016,10.837345172394066
89.92079614164042,33.04086632559392,32.67318331265951,46.92898744984784,76.091674050704,77.40191637002683,-30.52107117818214,-37.82809161459507,0.0,9.580125428237915,-14.530994591020614,15.067959409823459
67.46024476790548,28.15824393765048,13.830115551192211,55.35097261074632,76.70892311662705,67.92240907400989,-13.450850965076198,-37.54356734101783,-7.2300359013036095,-4.026723152650669,33.95781349864514,15.046326415820374
99.36672928002972,26.82067744193236,26.031322327153706,59.20372021702704,72.45703974172365,94.08616061443665,-33.369339059685906,-45.48311280844123,-5.721074019962434,0.0,84.57849919000536,11.245719391454656
107.1312660393606,28.514385705436503,27.65718498863151,48.11421235616897,22.867835872284395,134.46670322299246,-45.54692315314333,-50.99228928744926,-23.97623915940487,0.0,89.72711103065997,7.121502903261671
93.59322863802798,22.560245857437266,16.945942830946603,-112.39204792834965,-51.14558807347713,128.21970658390606,-42.732279059430475,-55.83834726278331,-23.98990146456108,-11.70838711694401,70.03218670235132,13.812940030425047
87.83961334979226,18.956929165556158,15.128492916956647,-94.15066097512843,-179.6826108172092,128.05880151146758,-56.594546611803146,-58.942938862890486,-25.173336628837127,0.0,71.72753035528514,13.303219303109202
94.35082069758309,8.242827340882272,-342.5493217596184,-103.96710586003131,0.0,78.48784218686205,-35.32211161361686,-32.083531803261046,-3.7648778277715795,0.0,72.90238444880873,14.261396486305443
116.54933296421754,31.365670476238066,20.65899648941252,53.797167138648234,83.07086572587478,95.9926320266678,-30.82786549775339,-47.19605513406695,14.34043014094257,-6.735545833309373,73.74649712470958,-79.74530723168903
130.9519259323256,24.342972341449148,20.85433255658241,42.85645237228417,84.40508966305589,103.56340012589534,-29.144125788703523,-44.16243905177007,8.990624620811204,-8.8680172978199,89.83111708807145,-78.42818360588308
146.99531268794746,22.750131417862153,21.504335271567548,42.31622853543009,64.38393226356555,-30.52736532758512,119.99076987865104,-36.38076255400354,10.26554758403408,13.96512574140419,89.22745431567697,-99.95625226450181
105.97136780144446,29.701971074022868,19.45620147692085,40.96618485807855,34.70919139788288,-25.468944238283864,141.71900985819212,-53.03462472133735,0.0,-6.997531547797012,91.31215265089597,-92.22502057168958
117.20824096566001,21.817870098744667,11.7579996153834,-97.53923721581057,-51.5256802613305,-40.63294860734145,157.1353181019128,-59.402645217475325,-4.980886893335776,0.0,71.6986686097431,-67.00651410703924
119.96343342401883,22.029306047479373,14.515820936752618,-100.41677694964929,-171.92945405200462,-48.31118303196899,143.07238691703608,-63.406569480271244,-15.811631645612383,-4.14206051902193,61.82412488297884,-63.01285108906368
130.47140909609055,18.368151592198423,20.461477935292045,53.53587967890117,34.03235615335059,-23.99788382064949,87.62337554746573,-36.275608952577265,9.354021407650874,7.640236656476558,87.31783181104272,-99.28151855909942
140.1059928991666,15.983886014374775,23.19765526393087,54.582229837695195,53.91467748776968,-27.48891209163186,89.60660840925583,-47.85522944476022,9.894012648185388,10.490483226307196,73.03445386294999,-84.32904460616362
131.46140625530745,18.036961197370687,20.570513050502274,50.79009557247258,69.66152091598651,-28.129665488837905,99.14051242396405,-37.41819602598232,14.850127155279159,6.6798939204772445,78.65797378153285,-93.868735989274
95.54238162017289,-44.87951798148887,-300.85532456796915,-81.80125272354474,37.95391150092036,-37.56214208771323,82.22107165094717,-37.42789152028315,0.0,22.206858505621938,43.04969546748605,-69.70703348597567
141.68410585036833,28.80951796302187,21.47433618789929,45.90909873583196,21.185358700481444,-28.829486648206235,161.7494549886206,-60.835289833109954,2.0731692320341844,0.0,81.19227261628032,-88.4689615908294
142.2831742447281,21.483172610777068,16.851727731383214,-120.03862149989858,-44.81745313134661,-34.347762554683776,165.0910126708427,-53.49667516739291,-17.644089418015387,0.0,65.3459499707607,14.390123167112847
124.75589245188607,23.953408092281773,16.922297647634288,-109.22896843968948,-180.5409186971603,-41.91485153428201,155.87619809180512,-62.58100491140605,-21.35677842804729,8.66345774918745,72.3643846432525,6.7398101228677945
156.81635012800524,26.931302017403013,30.229433907257786,57.967420591915015,50.69222777421831,-26.87149158279947,97.87161937501382,-33.19798971448486,0.0,0.0,85.99912844530554,21.53310211602667
163.14298691864806,21.4261881695738,15.440326723973017,60.085604240441434,62.671809532826124,-19.14645594125411,98.61562726128008,-22.94150049642952,-0.6535306493997172,0.0,91.54409605967571,26.127626043213752
156.14930976628,29.11004830539763,21.662201804252284,58.1570931444335,74.40702774732304,-26.399393318743392,95.0901979731217,-34.9339873116056,-6.951882048138314,9.22247032474216,85.19857199153175,15.18168589020388
141.00300108544099,19.62144387208605,21.213619337564737,60.769896841585464,66.95843199414703,-30.118078459441712,130.81234203462938,-35.21095289125113,0.0,6.24967696778023,76.91702935490206,20.63628471729305
145.0756847607319,13.416008449975873,15.049550313338806,53.92326076402369,20.38894108158249,-35.929819586819676,151.79045788036086,-50.87156442503007,-10.812523273245855,5.358996289352004,81.99339623819799,24.65072628414316
116.07180138520465,15.017128252095164,16.388564021125795,-116.96003382341978,-31.9542910283655,-38.618037079951065,163.17712107551694,-59.21453737444762,-18.59297886719842,2.5265324642753364,55.054313495572124,12.374043486672235
113.0364856922476,13.582288416739893,28.866915832425782,-113.09328948008866,-161.5221419741418,-44.663788177695785,153.57818670288245,-64.58459008981893,-25.671051493471015,1.2394302004968107,35.10775639774817,18.28905386256784
159.9163081593222,21.78232521441323,12.644124817618108,56.59790706603474,39.07756484176881,-21.776535967607984,100.9748095355371,-29.716362974655894,7.74824386510619,7.622050837422316,24.92360493344439,24.715575913051623
141.94087860064383,7.068433542676758,19.022909353491038,65.8694874467635,56.375460150406845,-30.247404469845886,104.81300067474406,-44.28378402416703,0.0,-5.2313633414869765,54.76244039655299,14.278993946831974
145.00008004974342,-33.95058040437915,21.757313151689868,50.849523075326054,65.4113489785997,-23.730058441110735,111.90783773948223,-43.6748881362675,0.0,11.685705125855481,27.04152206159798,11.280233451073798
161.89580712657516,27.383247010430647,22.001136037919363,55.38368919970235,66.09808806646078,-27.19498268742522,122.96399767601527,-40.92059237514602,0.0,12.491211315454157,20.24693249674653,9.15284262862815
146.5381360139088,19.17935700485708,11.886532555505427,52.75272812894508,22.278959722969994,-38.250601527485195,153.67240633639761,-50.18951741320452,-15.605772028233625,11.018138309576425,25.92633035147062,23.66253792737217
116.32946420285666,23.023557445447356,15.085695162658496,-114.97321346411827,-40.74252022997052,-37.83211910912734,164.55597813848325,-57.810131470907315,-18.02860272330604,9.462044480541552,59.38128937067689,14.397529906970163
123.32142308387068,22.743852142471116,13.503202523250655,-108.35969111492145,-175.56729721554174,-45.02466497343125,155.94904595180876,-61.820714251532294,-27.895445987709056,4.830848601000289,79.64702328068206,11.61214894760083
170.3284038156203,11.61622142781239,21.770548067744357,54.4602922391138,38.919845366421804,-23.73554592730399,106.60537476879891,-34.4827498625201,9.521147612306912,18.17603836729287,63.14422870358832,19.50996937742309
131.83909980432514,22.107825964214257,16.58240998875892,56.86621564788692,50.32588831935382,-21.87595948151242,91.37407330119922,-28.98285669628339,0.0,0.0,19.91216125281128,14.896524742263523
135.0664646220252,17.954078487054137,20.81129658596593,57.42758296814794,56.84820746113104,-20.956979150454842,100.21092573844655,-31.265615507819906,-3.587289174725651,0.0,16.71871112104204,20.366705746892478
131.77751004494547,27.037755192617222,15.453741033601156,54.40489914812816,53.61225041790636,-28.853625070518724,116.21021416513828,-40.98614183509933,0.0,10.688281934590291,0.0,14.200680917177237
121.59378787788039,-118.57035308881113,27.979917744067063,37.336236315080335,27.31619897378876,-42.60703003705454,158.1889235110753,-37.08276396474898,-18.49157487418258,7.147784794448582,-37.86255830600858,33.87916253029529
116.21235295647278,33.616191826430374,16.6182490495393,-107.54882196955015,-44.49996798786448,-30.849177311332877,149.64472038024252,-51.88996375373438,-21.310536947371727,-22.25890190886262,-5.717574672161092,12.60718232183472
114.32773790505014,13.70615978028741,11.439505699010919,-108.88006012604052,-181.05290900073896,-49.22840238819179,150.0631688819641,-60.07087365364885,-27.933491011240086,0.0,48.98262182735065,11.651031374526866
144.10849544192578,23.354726395971582,28.41546350718398,58.02563473523216,47.87015401276744,-34.32536993584773,77.97839885018354,-31.91522882626873,0.0,5.215978324478121,-11.092571994494348,26.251499206885626
140.0243966517165,5.648075721939982,18.11378594916788,58.22524093493632,62.333134517980405,-21.692342187133843,91.6625144865199,-37.27807258675078,0.0,6.524670641593182,35.871747843522535,15.522387119525263
144.03044475622266,-76.69485404026197,23.310595951022716,55.08725036573108,72.9966658773399,-21.133363753587243,94.88628481694685,-25.42912081756331,-9.291712959703384,-18.187352228717092,63.317075459172436,21.203335139070987
128.98766227021875,23.240370347178764,13.222050703302447,62.57130099039674,66.72656777218195,-23.42683008307216,116.761647522785,-40.52539654621898,0.0,4.726446013708095,78.64659186113147,21.139569159374105
151.68378670717286,17.940603295314084,-2.8193403428379535,68.71226546369824,28.08906761408577,-42.3848755368439,173.78706956612785,-38.27762027908829,0.0,0.0,82.53751243583487,13.750363626585113
128.27291217471367,20.438632936141264,13.431999854833098,-125.2016216271688,-36.84831827748756,-38.97118174241779,165.65514871231696,-63.58872514126359,-15.078847713793248,5.881863036420151,52.592615426112495,12.157987724141975
107.7759240522152,24.79704069587687,7.899146338876708,-118.0252038158132,-150.42143289987348,-48.001910776375844,164.80683739723156,-57.04125869459504,-26.237220729137665,-12.453662739844088,47.97745615773429,10.560182993440797
167.33043005786053,28.699926634080235,10.084765873879448,61.62101182462472,40.04856340565485,-30.801207700562962,109.30255347162995,-35.056318491132814,12.209396111413445,16.991654115836358,38.50289205112165,14.115072422205628
146.66579989436082,-23.91539673941826,21.4272466444922,56.8511356766755,50.173542781269994,-24.810373938601984,105.80022620633838,-36.16466206544768,0.0,0.9479830439648338,57.20134849690391,11.005251592479624
167.96792038746514,21.255513045181843,28.799977506630732,75.71923915669544,77.14037728250624,-24.087353021052458,90.24403880158495,-39.12353599392175,10.147077544454735,1.6786138569578626,25.231439297474168,-4.749763399865742
154.6456357214203,22.38918407882476,20.87822423948001,54.797250767353354,73.30579842356627,-26.449512539399834,112.92367120782296,-34.00943734695295,0.0,10.55006466586913,55.4058586349712,12.562929658030953
135.0430086450596,11.7026456351938,22.670258569491335,57.8486739483305,30.393686458263904,-42.09476154122312,150.47061390295434,-44.94414722833295,-11.686961433937725,8.679800604558515,27.09963939124906,13.09418809844135
138.96148799474588,-43.54530231161521,5.394003367465044,-102.06322301422547,-33.76475105116989,-36.11610693295284,165.5445775681996,-52.48659786444986,-10.02845982721283,20.387325509404736,16.96797998523444,3.821426958656275
114.47079683932233,13.470763249745634,16.026956554769452,-104.26667370645215,-180.4810734008327,-45.486357056824794,153.81463005975814,-61.15187825123172,-31.971326996272758,-6.266099264092052,32.83071958234364,21.200738221065592
155.1819644529098,20.87526502475667,28.561930705297023,62.76879538833085,44.54071506800459,-25.253964888169325,93.67928694143941,-30.330545880228982,0.0,4.957923378200021,59.435451201918916,14.558065845089686
145.36937243370775,19.930348468839117,27.951725365416024,58.4593702627362,52.77996179309657,-27.108766813589444,92.80279940836593,-34.48530930592931,-5.386078202242522,8.304833319313719,39.06769665529735,12.619866469724741
168.3790709840381,21.88409758985243,26.791810488770533,61.339460839717475,74.05011096881127,-29.41250460595129,113.00552768166403,-31.217436930492617,1.885039209542969,8.261060856409772,63.76413577249582,13.66223899206517
143.9522976974235,36.81627463161866,19.476765416150624,57.11068877248978,65.10432558356186,-27.652351329980302,110.66345378144024,-36.454162356821655,-5.724317895068545,16.502530271200577,27.15998312904062,16.542837036493324
111.26926850237459,28.262884450679945,22.788416370866276,47.412711312980406,22.359501694592048,-30.723550305882647,149.0464920513216,-57.65298773736156,-18.3160134418318,7.657667319980249,-13.052849358038948,17.947516299743484
129.816413889876,17.123477144462537,20.19555688593396,-112.64413938351159,-46.82139358122326,-40.11259536193557,163.26846342450054,-47.65263304380716,-17.297443413092342,9.367429039526888,40.10054375615045,13.701581415824421
128.53826062495526,26.800620567433047,10.445124612468842,-114.26812515829528,-168.85466580841498,-52.2913719990638,152.62239681375615,-66.84464315616638,-23.288174862389013,-14.49266399654118,16.777935222176055,19.44988431903613
139.77241827919917,-59.54719558249488,23.02530724431522,58.17515760103523,46.9347579073185,-22.04694681257646,90.03248328368838,-33.46962249893434,-5.505144548031978,2.1145059281417953,3.349425715330453,15.59518505649504
87.42705847276791,-155.38279780566262,24.468522038953637,39.441726484097636,60.502267516160856,-16.513885140354617,73.65612645885176,-34.55599079638953,-6.911729436115411,0.0,-33.08833485623146,21.82688279756419
105.12524338489727,-20.35332072119548,19.673971614185078,51.40743723971255,72.70454112344585,-21.00827182646425,85.67525922857222,-38.872479420045806,-8.369575567860325,-5.5905952571258455,0.0,20.199254587864857
119.74886963689288,15.01147416570052,23.95113246717906,51.957231387348855,54.98894754136642,-30.64643087820268,122.25569433293,-36.590268957582985,6.175176172417272,0.0,-40.21245028638899,-96.7322373675492
123.70858072416522,-57.96363887383873,16.62209958850044,41.80960251714624,21.473105034962952,-33.883735103385725,146.17322465465838,-47.87248220278048,2.0484914592567196,-5.0139838935940375,-38.162228059735995,-86.6475592523376
140.89633153992276,-11.795815535576429,16.72962911382116,-89.8329573836195,-37.31498560659989,-44.917682462469514,150.59358361301065,-50.405327134714874,-5.740029471595424,-16.79081656106289,5.3104574313911606,-61.78356231667733
96.8549819073579,-68.67232093110405,14.532465148724148,-80.95254221755228,-178.8740407246936,-34.870645199933584,129.10796762186527,-54.77955000135101,-16.086688271346976,-22.33350298351679,10.914529922863561,-56.63441327399835
125.73344496921925,16.875356487161675,20.218660832187027,50.23767455108745,38.124928496163825,-32.54807823722144,86.68059131454503,-46.911964348664135,15.601426201742719,-11.454269571434805,-8.182772398194809,-92.79812131294943
136.7517792113824,-97.94320797303148,16.61525927000115,47.0504160596312,67.9599216653367,-22.752573813819907,80.75948949412061,-41.687418181043256,0.0,-30.624917486555123,34.244290318639734,-82.10243599508217
107.92046776898003,-144.3858956879871,22.919936615887487,33.580817558726956,65.93458633227664,-24.2916019900701,91.94763027574552,-42.78008930544596,2.379459104615063,-26.626275380213983,-52.90770342506866,-102.6557756845848
116.20153096860037,-5.919483668061234,21.05568218179195,47.617509605607125,58.608346198587284,-27.43556077535571,108.30535436358437,-48.0839836206924,0.0,-51.48269189424057,-16.256652762389376,-89.2462473442582
97.04888875424642,-76.51930511157329,13.91803858078733,37.58717480919734,35.7495183463928,-36.706168864323864,137.95739004699544,-54.79030510253326,-5.463956181868039,8.184186313196832,-38.072429580526155,-74.44133813181793
98.91232700731183,15.664204088561405,16.55060105236069,-93.35760084557938,-31.249662838886007,-40.14137921156834,158.59086392716634,-60.11053061226853,-9.789025629869098,11.046480518409696,21.54197991513402,-63.41951515275525
40.12560871410766,-30.94389617264524,11.827655587022239,-80.23853731883044,-146.771028615612,-44.048720970722684,110.49429639886961,-60.13957988039953,-17.57831190734368,-45.63422906494595,-27.963321054405927,-65.4259835361392
88.19942676915527,27.456733037569563,19.04929137410737,48.11029105780841,34.82788543631495,-27.295849091519017,69.73211860383509,-43.218006918897714,7.582860715569838,-20.63350238982003,1.9517857009012167,-86.45361336607007
121.61868848244184,18.650666956853716,23.819800377021515,49.76652770416495,65.16831385028334,-20.445876154967504,80.83207189025968,-35.24462325564338,10.503833775115327,-5.288053479404119,53.87844361314619,-85.97692312328547
122.58342652331052,0.9232092763737101,21.401633664687424,43.56094046410556,71.57866498203646,-29.81083862248597,102.61499562278614,-41.00019582750069,9.854215441628451,0.0,-9.725990915874474,-93.68296878167473
124.38660426695817,17.744412655066146,13.744045905376495,51.329318081302524,63.07912512482405,-26.188415766813225,103.68591130767044,-35.137635689886885,7.858420307858588,11.204392332464325,62.629716037026604,-88.48765527351736
130.9156379010407,25.35145475309168,23.138776911183456,52.761154358423404,22.939226805028884,-40.48616401461614,155.790319070977,-54.76311820326224,0.0,8.97639121905297,65.48970130552888,-86.8771403298374
127.86275272760288,-69.59485100165678,8.312233508023017,-71.36623265322213,-35.07523451054801,-41.224429096666256,170.75821327467278,-57.3878473726397,-0.5547335863807646,8.689824476140917,17.316588367000445,-71.96537638696529
111.23481265207703,18.603429175656046,12.271294161530308,-98.86177976916163,-161.01336187868935,-51.69492637455919,155.8593084321391,-64.67210655422454,-16.926149560165115,14.159081319142388,0.0,-65.57226929783705
122.85502018078273,26.961531921161896,26.343381463694953,49.897666896003784,26.96968545236787,-30.316491966952864,91.54809110382341,-40.245353904731736,11.079199879824294,-3.2354865587060555,36.676141656465646,-85.82113316352905
136.7724693473443,24.307104801597795,15.035254912579298,54.48770115972263,53.59992725178854,-37.76361388179154,100.38802944789498,-35.904923731534446,12.990796921644174,10.568950083047202,21.17084159319563,-87.79569266012743
143.99232166542427,-23.852694071019044,29.996387217169115,44.65600110552462,67.52274511514936,-28.705646862961103,112.42158476028838,-45.45312007461877,14.448163746050614,5.3536124252813515,28.366984432361665,-83.48892048282067
139.11198935915144,21.885284426698362,22.214919931622568,46.3172912659774,63.02544114566174,-35.440387691286446,118.24700641692608,-42.31508809540952,7.697150483105834,12.692873610301369,0.0,-80.87998961129392
129.97992161168685,30.916283615935374,13.901140728524105,53.26612401235413,29.886254344939797,-37.94847084332081,156.19394920977805,-59.74068967934547,-0.6888590150566034,0.0,51.10025829903702,-87.09372280089008
129.74602389798548,22.917042044711682,14.273650301865667,-89.88992475017648,-38.816374159085925,-52.885932504928824,168.61620317547238,-50.08671215026768,4.609916732567567,5.870717264307814,19.700008938095557,-66.11208018581112
112.5517703234582,21.159599667944,13.39969438344689,-102.55461354333599,-151.55113472858437,-51.73022846729061,145.52916068239534,-73.61587236578747,-10.171094206675747,3.11934219266377,49.53042066671596,-64.12086830490136
130.81509847202628,24.481399929983628,17.983910388129118,50.11289062439067,33.72961108785931,-33.137617046494455,101.54858804506372,-41.07523772585313,9.662964398449178,0.0,61.032399584060805,-90.59782169194148
127.35418671638885,20.37924233173881,17.67411411875131,55.28520295468579,50.391836784463564,-31.924938650049512,103.31390859075229,-43.35353454037989,12.399484310666384,0.0,56.170494758832966,-83.8642190250207
134.26934970461903,22.672828147293203,22.337050288496997,56.0768598814602,60.33395166225006,-31.711726503287178,102.48320548238131,-41.70737092316504,10.541675781287216,0.0,47.63326369665825,-82.78104324216417
152.96072375288722,-60.40504035066927,17.257537885901343,38.41904555072925,53.72133479653364,-27.91333144819461,134.90291100081848,-32.76231927179361,6.206451265117616,10.115860870114362,24.90909272978473,-80.9212052272743
137.12322089597177,-72.78741222015384,22.601608372434473,42.71265565766933,20.78059179078824,-44.30566927200553,164.8004364857218,-40.51480729500605,0.0,0.0,0.0,-81.91852526380904
108.45706982479629,31.497481690999397,20.14571215696394,-69.67365364386485,-46.674227786018406,-37.69965710099179,165.57041611498872,-53.88364474974525,-8.463223780110129,11.664256329376283,-17.60094190303191,-74.71479757206369
75.73825668601818,27.172504637566274,15.839811230656867,-87.41717729329959,-174.91134874556434,-42.05778175708473,136.19206709024192,-63.69419935140321,-20.604967963101593,3.798954585205924,-24.091897152458678,-74.94737305930653
68.86529775540156,29.654890302058202,18.64284917355132,50.535279391834784,22.70929396674399,-27.953398085076376,76.50391435489938,-47.67750569446883,9.942351078840463,15.054542360810697,-44.86333216934333,-89.73092117426575
85.51841842393773,32.67639990016019,26.64707707371515,50.87357837074883,49.76574941610018,-28.941394004193548,76.21896597189414,-49.03177447901956,6.337233640551549,11.403016214723236,-30.88746861174918,-91.08385755041377
108.96402987422725,21.515592046104977,28.18724431607276,47.86527006880812,77.72972801982631,-34.65538137707705,89.23221380836027,-47.65124918119726,9.826276711563171,4.8892586265505,22.54955183607823,-90.50157329301868
95.5653188440287,34.0134264785245,17.698768726749424,42.81529253369947,63.657705675255215,-21.80558085556914,106.34943922219256,-47.83635434378301,9.204301595577686,3.3493878871486165,3.3870143030405475,-94.17621320040973
102.61930363677438,26.112927068063765,8.824849565619221,41.37296707321812,15.086797896561423,-38.91198533775005,-52.50200474931398,165.45741071935325,7.476415480124443,-6.415611331295408,-10.323740367139102,-68.66381204557365
65.20446722703299,21.95582901731788,17.412780715820645,-83.02662259000728,-37.90315588421888,-46.456627129179395,-41.42662478257917,168.10938168266128,8.316261472814142,16.921347127837628,53.70456794582484,-58.03709598374482
71.12499354390367,24.96858518396692,22.21714626569422,-96.20911324063027,-186.70867444016503,-51.62480460703831,-51.19857233835083,158.51025960974806,-6.2133033568054445,6.566154873950395,26.18625503537498,-62.25591673350604
87.1672203401877,21.54038065980893,19.660313238681006,48.11875150513681,38.2573201581555,-37.60932961437451,-35.64315365843805,104.76206129293661,13.266720811394208,-3.3556904037118622,60.22369427030084,-67.15729784690353
86.72137314110216,26.44769792466447,21.24750554323453,49.600243254081185,54.34602961114424,-29.17789711991628,-37.72123616702363,100.13913468210693,19.133536978434982,2.1165852246141363,54.57603333419862,-73.72090383706148
82.82754097466889,29.290548457125126,21.97236929491687,47.43235208963689,65.36461613247704,-31.740934366502138,-31.252636683727857,108.0940422076636,18.413704739054698,2.7274191539044903,56.042993824494744,-73.74314909397629
83.05054414516205,28.72524169224201,22.999561414365854,47.54248042118511,63.99244037065061,-36.81381604314395,-37.260100816025265,126.20035241818267,15.175758367873788,5.407622639814334,51.9303505973043,-72.1591417200629
80.48436925759607,30.387128009795592,17.264006408880654,40.88409439842766,28.47332931642739,-41.02454899665365,-39.8932576576431,158.1531879775673,12.811141331537685,12.48371815012289,50.44775145842145,-60.94061249505637
70.96418289478176,27.603985527435693,12.09324625977123,-94.38510388459089,-29.80529448254706,-42.65411913164531,-49.7265495046178,169.47489343840883,3.2600250956955032,16.11108592117483,49.77276793077345,-52.9590863427166
73.81449001271278,24.613935152282522,12.554814609559442,-108.5528629751756,-163.95226112517756,-49.985790248008925,-53.45886275561152,154.96350917520982,-16.97204281960779,6.43202888463811,50.24805734453624,16.481297763441063
75.55178396333523,27.875405590199218,19.636567466458693,58.714075037892805,31.598289892030394,-30.158502416972148,-34.34084654346455,100.19935162664783,9.033467788492345,6.482920243643014,42.96427257179778,13.645396939362968
89.34357505933045,30.22031995677218,22.738872029999516,56.52770420690333,54.83955512255605,-31.03125804245413,-31.033052522772913,93.14612045407465,7.038976409143924,5.424168433233122,34.575260681837136,11.718703066112766
89.19998615270426,27.395826796588157,23.497926630420807,53.2764873915975,64.46730898774047,-25.422898987012154,-30.577783034061927,91.43130165103904,8.962014008562827,3.890026169422239,-19.232137515484734,11.436560431344674
84.41905359967902,29.08946945404139,22.506647057917306,55.17663874945064,61.23358370886853,-30.44751416723852,-33.99624867606048,109.17094980092362,4.620849814487811,8.13823521750502,40.44368597789425,10.534575762580005
100.61069147841829,27.219141070642078,28.18371471691801,42.242858894785975,36.17656897735457,-38.10595114761717,-56.34614647510245,161.15547707699776,-8.99616966868079,2.6129919127392434,57.38300752018226,17.99769946294208
79.63489184821316,19.0342035497571,12.14490757510695,-100.52315633723177,-21.90234653620635,-38.71743609778872,-46.17645546994247,169.55822320037822,-6.385593116124303,17.872622860108983,18.793946401880795,13.849819593772025
75.76323996154007,21.77994609499596,16.09796633488842,-103.8257614096922,-152.24374545343582,-53.36396048852449,-54.84973414148745,156.0952072604718,-23.65605510240821,6.823811135047036,35.86427458326896,3.0975475839783257
97.91678687380413,-80.22788980734956,22.19927067904686,52.339661181731884,56.622538162279454,-34.120875668990884,-34.26605674218925,87.60538865374834,-1.9116941086985266,-3.1444856200300073,-15.312092395996,12.87742440909841
92.313616359769,32.04345842032833,26.414598651766255,52.13943686070511,62.134321788874466,-23.675770352406335,-35.188383503546696,85.74872766175842,7.149439264004888,-9.147216316481643,25.9070819520834,14.551653110849713
79.13773217070283,29.78641311824986,19.744136378997833,52.44532450810406,65.9323844755833,-30.321523599873277,-33.45564640121589,95.77045079229914,2.74949227089061,11.643740489461772,27.450639734287222,12.971565077404875
77.96660723836742,-88.3412132769388,15.720003864563475,44.39647707554311,62.92352818565755,-30.465766514945727,-31.97683824465027,105.42623533054544,3.8451486701764055,17.63891570219411,-33.17065931048387,11.79510232611355
61.48571226007667,-12.780656982506102,18.66067235245196,45.272389732035435,23.384686657630926,-32.91989164930214,-44.92603475733144,151.6429931465064,-4.6361936027519866,3.738693477354136,0.0,14.60201611510351
50.66928315549262,29.583865719678307,23.072984124562,-91.84653125280121,-41.29872998377986,-36.522809010692825,-41.21124748773663,163.6129170879107,-24.947483797824436,-0.0006139361741278246,20.37643829007644,9.01251012961891
37.91783007667242,29.074327855320053,16.80895100077848,-102.1948514569473,-172.50218770229745,-51.59585550581911,-48.64298822777824,144.5072345397562,-30.52368687575414,17.533222134184467,50.042777210074945,10.62384465810834
64.44524672065184,27.845319065701496,22.857586028269832,50.558753832890744,42.08058394750221,-25.70835557539265,-29.942670479195957,88.50337609093658,7.327744258328364,17.21002450981008,43.33540111966938,9.907678499626684
60.37527488870689,28.240170685931272,22.10681262215141,54.42800880271604,50.06526927790018,-25.346280865256123,-26.506254530492562,91.91544018683645,7.1888388242340335,14.68881910049038,42.95427908123601,11.387519417000874
68.42977400445523,26.42308850907378,21.253881126566625,55.75987114423481,63.610963373331906,-28.744972423884157,-31.986988571760428,95.63158472585575,5.581106274204297,7.328094743868526,42.95535790607705,13.639254355212756
81.6271217428741,25.99855371612472,22.03635241339372,56.097668878742994,61.28931859748399,-32.90264260812487,-35.259615077651,111.73758356228346,3.8173849551750214,7.054820003325361,39.61981421651836,12.958441388183985
87.06937334263112,26.52073901969351,18.836192587401563,45.76997202101008,21.11658568887321,-31.28555191717361,-40.00643507182072,158.53460293387997,0.0,0.7064766613421981,4.882762834850064,20.63223212514248
53.103128067503945,33.19520953181983,12.889711557125265,-96.75190215237421,-21.4825460247128,-38.75409111281886,-45.99635780153243,164.45810909872063,-2.6946454477975648,22.848320815864017,41.9594642806123,11.375230077482257
57.86340744714115,24.511277618875205,16.14748815517861,-105.47212019998308,-169.9193851996088,-43.871794262060455,-47.38312850003245,149.07044836062542,-26.086757582864255,20.096142801724127,43.262333875836646,6.050736929747771
76.62874640044329,29.69492965119119,21.06230050740727,52.63402874838391,39.69291138311437,-31.409204434035054,-32.32535959283981,93.1522809382903,9.382563468139466,13.1199888498344,38.962094098952605,15.8492727460104
48.49362080546531,-3.7739949174239737,-327.90125581502184,-91.9924115022399,15.728915202635406,-26.889287194720023,-18.60138898583977,79.52740061625322,-1.5459847549223764,-7.693404233846845,-23.808561173202953,10.70189959080301
42.47006169594023,29.00126315859921,19.53717802661605,51.3096733490821,68.27702671591352,-24.57801265086893,-27.348135622085696,96.97998467064275,4.201208418099325,10.717815829782571,21.576420309375703,12.104573258326809
26.011254451202458,34.86983766991564,20.931768993072815,44.962710780094596,60.41071286038823,-21.922066373265345,-28.534160872561575,112.92300377979493,0.0,12.773242199735392,-14.411545442138138,16.92741434755962
18.753186096581185,29.040878403150685,18.584609090495615,48.210864525567175,24.699250635530234,-28.40776762853882,-28.96495859798888,159.93878314832912,-3.001658333570049,18.611167660873942,21.95675670088937,9.272586571385318
60.086883473081045,28.00900529458984,21.158795789178033,-100.22931091829076,-32.26804872698567,-40.615547649052765,-35.23675118608715,146.43032328098602,-13.720513951858882,-15.139763191498147,7.541634610058313,12.095814690772503
55.88626881179771,28.140479127921946,15.681796365033518,-103.9845397290692,-174.28614282543688,-47.60481118210186,-49.83614863211037,151.02308493363503,-28.389134167985027,-4.468014092238547,34.80750855504052,16.327965366030497
79.78007958247187,36.425315340562136,25.53380189661317,56.17135836060682,39.71827657427044,-24.310216732595393,-32.91389710658614,82.29183676134436,9.344913552698845,2.5252371235781554,-12.56370266663444,11.5545871879375
72.69091700744892,26.668290497313667,23.81886566785496,52.91370809015955,53.919869354521694,-24.315822149345106,-30.698482214789063,86.97843187255424,9.79625052872673,9.44701943598476,31.1350428081231,15.642402784307649
78.74218784350813,29.741734301302795,25.109265689560246,55.20831368065348,64.66715463640865,-27.745793031285636,-35.71003731821879,90.0598924070081,5.892926793120096,8.682171571262906,38.23773122059834,15.260298916286558
85.49444717233004,37.99645748481831,22.84515391481457,52.913469116600936,63.29459891554145,-32.3203283923488,-33.78859240655902,112.03405016623682,3.068126082454256,5.176422395358127,-33.4187148373819,17.81950709834007
98.49420414015265,39.4712194332118,29.58804232422695,40.90694118566737,33.79292866237328,-35.016403202100705,-50.61379971354132,146.23573636196616,-3.062477890556057,2.457573461967544,36.54935820119131,19.080072573770906
48.228332955328675,-105.27446254007943,13.81184110583996,-83.52795335104886,-58.57440145084793,-37.04262469070448,-41.66618484452191,135.10127330299764,-25.53796441353279,-24.40092467097137,-33.46649220007952,8.248123572278047
-9.616769788208801,25.07524139583319,9.94225639465059,-92.5870284896592,-180.21153011336713,-42.422933281472716,-44.23826027451299,144.847750308504,-29.41814007785446,15.639559102644895,22.3989089360629,4.779273066334582
-39.759804902900285,31.000215217356875,18.034810457467692,49.03392934905259,43.19775558110577,-21.401370058479714,-23.502256144094375,95.96896478121036,0.0,0.0,27.971633357092998,8.584635088017961
-26.219419346216608,33.49575431942581,21.03408881225526,46.77004878605054,64.78925268782424,-22.147955941680188,-21.110776856301186,94.5654389415426,-4.819441841503789,2.036259424065612,-18.686110221404466,14.143419860209548
-15.116859814161362,-88.08140783340019,17.769123423566118,41.61265800886439,71.27053920599636,-23.458124541926544,-21.746037219697048,94.66995518504007,-5.924279741512901,12.857235813363705,-25.661817633446397,11.342190959081172
42.40112657530679,-98.33033631016701,14.991735852262849,41.475824527522015,64.03909486438188,-27.410070084046698,-33.53365138131832,113.15595606150097,0.0,23.26091845693323,-40.0108000409499,14.001861177060306
59.85157922483953,-42.856869922748345,23.325939978276942,43.28186758974617,27.65226574276842,-36.889676581604945,-45.74490087373675,146.9957511699865,-14.021436947258007,-6.760843314329873,-36.97908054544564,6.5482091975233345
57.58055422031138,22.831425414748985,11.417070382300258,-98.39925386691395,-39.035735434208085,-30.469783784741903,-35.6158392644409,157.16335742307132,-10.545962036590042,-12.302205093022915,12.889229349915613,8.404839985712599
23.344635361847157,29.60702223949536,15.810895177951789,-104.51244935586199,-184.28189423405743,-45.06095781708477,-49.13924453356327,146.13841101385447,-31.780235549154916,-5.931123516953564,10.891855491684373,18.016574033610198
-7.2671608571495225,16.069225993571205,23.154581403331893,42.407314124614636,47.945671257725635,-25.96959127333518,-23.322991319058865,106.63316506861264,-2.603033544561655,7.977669309332048,-27.199271486518523,12.57331979145306
21.456330684676963,-121.0268515666254,16.29316819460971,42.554517507655824,64.95630789965399,-20.49181048456764,-25.59039107123387,88.98373993412415,0.0,20.38668773746482,-46.662141572526544,16.178013079785366
13.023629104349261,-85.03258404476695,17.500656041683975,43.033747934519056,73.67980378638988,-25.877958908387516,-27.926816642746914,98.01783206263222,-5.028516031611996,9.04766551875879,-40.62136942077395,14.97782859922151
28.988036735007558,-79.2901996412814,16.11626422878976,42.27008737011394,59.89231087151338,-27.887595753233693,-31.13262904418334,114.42008320859425,-5.006081495302856,11.375895695700127,-37.97157076872738,14.659819521964522
16.968546895698843,-62.80066899623345,18.313117009385394,37.87582587890452,13.063715810149537,-32.44926818128904,-39.38714916064721,143.99708847165303,-17.056960050762665,-20.821036885133317,-27.450550664208606,13.115598692062825
23.911883894594535,-16.785234574340514,15.83635577975538,-87.71380457589072,-48.478858664144134,-35.729874725411534,-38.025700402879345,151.72209877789084,-20.241238831526434,-5.19204266846282,-28.73186411477447,11.82376060445658
18.401533989194686,-117.9560821695605,5.454627718194764,-77.01827608951378,-168.08778385530877,-40.581909098361265,-48.29315625785617,123.32255694052047,-29.196509847441984,17.493758181624855,-35.97992015073988,10.777559107264892
38.93447286322102,-109.84084850230478,13.924960929018312,38.73806967731645,54.54620509347792,-30.67302432212604,-28.878405618907568,111.48604194597833,15.96104910278031,10.736340703646581,-17.442795269041536,-71.04739176785412
19.686085755458773,-18.452915013620682,21.606227333841325,38.0861659829068,74.1940173568204,-26.39591657083377,-28.64863664609898,129.8209134380798,6.476297039592659,-20.667680899976524,-28.16983283126622,-73.72695196516747
23.33066961989824,-9.756306283624646,-318.4785953345341,-75.69392347962768,37.13598385599885,-26.820476114142487,-22.89164833263548,104.39076548962558,4.4434357408918475,12.236460917148191,-5.266613337576506,-49.243915796841975
4.877300542189252,-86.39764914073346,18.800170463600562,33.26446819537528,60.229342437554656,-32.837048773054164,-35.911272527614756,141.37304687307073,-2.8502434257081806,-8.202254614212803,-47.91198004508982,-62.280220775172424
-22.211835925539436,30.802093734909725,21.59424971824873,35.22460450088723,32.85070843420413,-44.52925557604432,-28.92576425465075,174.3138501522435,-3.219720578978617,-4.804881485785026,-37.89842765204856,-70.68203754083552
-15.00634147310316,-101.37275211301909,12.973415326743979,-72.60644990697908,-57.59341995201791,-37.22223226975441,-38.46860672684703,130.51620025689564,-27.80990988769384,-12.225966045974626,-30.236403316508312,8.232309400493932
6.582151365216173,-26.06524646126924,14.713928700028799,-78.53596819588991,-159.0951748055444,-44.763213252185004,-47.29648816577463,125.79621367589512,-33.322022711696405,-56.74618567358975,-33.53493888575835,6.330119001631829
5.601126201716678,-55.887644279029914,24.072554636413578,41.785448528687105,54.35349359397347,-23.08982137256567,-24.99162433997006,101.3573208000087,-4.642521155438096,-40.460958460585694,-14.86134543488207,12.420255003595585
-17.817078944717096,-16.547385306479285,18.468755797091305,45.444537660022135,71.37033195355372,-21.502106784653364,-24.9105486969254,105.32419211357228,-12.110998845949913,-12.909060534494735,-32.14742207528261,9.798243167436596
-35.76687245122795,36.12560788931279,20.4141234912212,44.93065242252016,74.64488285527038,-23.644067668128507,-21.896688826547464,98.78898672345069,-7.747283526440114,-7.897692113216382,-16.589682274390285,13.113103821192851
-48.09303854632756,-76.01142264749515,19.508461795307937,36.41634432269916,60.49971254214049,-25.721567177570254,-28.096010005395613,119.63308525459227,-15.924038075961455,-6.187964545578985,-39.803026725211915,9.78370895650594
-28.952497251533007,-59.12781991336672,15.204455012813726,44.31231937452043,17.84783885933593,-35.73187821753989,-32.8469327040844,145.49589434566627,-26.04998957599421,-45.26945530757015,-26.173039896152986,13.086915363016118
-41.867144334703625,-12.714666760945185,12.301009356028104,-83.427293351924,-45.43723117991745,-33.830452225471966,-34.531505433537106,143.84246299840788,-28.002294579461385,-37.027362507673885,-3.166884974152049,8.39789573871181
-58.82871171512421,-60.62004976327801,9.876355701820366,-80.09030435251302,-163.23261949713148,-41.737661350491486,-44.069816804377794,131.6828324872934,-33.00969609614288,23.813146650416243,-27.589452167315162,6.7646593104083195
21.331283016799304,-151.21439062111227,10.710472637654007,38.595051654776654,48.74786311352974,-20.125929864802327,-28.023748089939836,91.76460588911714,-6.427422208034212,-38.00995152006908,-48.85832358103695,9.278772806760173
25.133821504274447,10.401605205057434,17.248956712989674,45.58060190931646,70.59252926714588,-23.900392034846753,-26.497189509091765,100.8387355175858,-9.507347056860207,-39.013757338858525,-30.201701267065193,17.04115079274513
5.730619005761292,-56.317520331681386,20.311186748729945,41.48329271605681,72.32448351495684,-22.675788262721916,-25.59514798324573,102.42717768222313,-8.436159870905314,-38.95833073356142,-33.084700260411616,14.98135118422298
-41.65050900950558,-151.9828220357045,18.028172623695415,33.95359924501274,61.196013477920246,-22.911084443912983,-28.29443707872732,117.6798481983189,-13.42708765903805,9.445096968001293,-42.215191132139225,10.333463864877672
-52.14699531683003,-97.17473731257539,14.992161025375948,35.63874533020903,23.701416286541345,-34.365857883975146,-38.02247170829811,142.24313618274584,-24.61453113904403,-7.522882078740572,-36.91689258072739,11.371743210210894
-38.942043310452334,-2.9750594228763325,17.815097524237103,-87.14840964540151,-53.40673818992358,-34.297756494093996,-33.48125668120633,155.31186138238078,-27.372538832802483,20.00933807393951,-31.80729504853459,11.16476844868862
17.103485178098623,-79.7053262701037,16.092475567979065,-77.42062628304585,-174.63298438816872,-37.969147909696915,-45.142477156570465,126.58655839400551,-29.69224070263035,-32.42558903570178,-20.79884760227883,4.458092553083873
7.779413136373476,-71.78841550927227,24.63753142922314,42.49578756075367,61.74736879735491,-24.828152505184086,-25.2861312398279,105.4625120495382,-9.852897437184918,-16.062125794236874,-23.006877592570273,10.956781569144042
-16.791263393355035,-42.669374212809664,20.53492845039349,46.13831235617576,64.63255478570315,-22.790791230134666,-23.728385114701815,103.12977717523545,-1.754918455024838,4.958526964828076,-36.9328209137065,14.381214360101467
-130.03091109696527,-24.38235599134693,18.34105767294969,40.97358268810961,69.57159450293236,-21.281813883334696,-27.04731267065079,112.56083755131375,-16.838203360032313,7.854391992340265,-22.553913600010105,11.28528938927429
-106.81593088296746,37.90672081744911,21.795933364453095,40.97269187929225,60.18384082844952,-23.48488110710066,-25.460844967066688,119.44105007699778,-15.537964566209546,-28.593543937877065,-30.04560400428504,9.67866631844457
-73.06950588285139,-129.81070842180924,14.607048006615003,30.716488027951698,23.638481933826487,-24.646863660568293,-35.17013953055043,130.33793840338348,-23.297743211146365,-35.828031075695606,-38.982933588891036,7.703665075174939
-100.6667592199345,29.246689230158193,12.828756509653553,-77.37398527145811,-50.689667723359726,-33.18760583421227,-30.341876168517324,149.52085222403704,-32.6607417812562,-15.408079339335378,-25.211857540897984,8.550021527671333
-79.80558159639273,20.55520170887675,10.010202656237174,-87.3829552991902,-162.20307122732478,-39.90776562291595,-37.075094013996306,126.87245919290618,-35.293804558595724,-12.115379767749156,-16.855013931572216,0.0
-112.06672923544893,-57.65283804875736,18.17446162953259,35.76133121695383,50.00172689820696,-21.569137774320655,-23.948171348369353,115.06865612432182,-16.441440168374896,-26.678416017084597,-37.920736350722095,13.592798963955033
-122.68792770391924,-74.79288531074636,19.7023334863268,35.83835837862945,60.558253161713125,-17.058740065550754,-21.24557981400785,115.16832163482164,-18.629808528181893,-2.460000422130054,-33.612652619407505,8.223596387657501
-146.4363266710387,4.225128797069609,17.989253181248266,37.11533291139008,69.54749007770404,-21.748411375497806,-24.62949219491766,110.97832994315753,-15.090590340458826,-4.814843377972465,-22.518541419483523,10.598158292285564
-168.2421268289726,34.90702963030039,23.389500579965528,35.8145219502099,58.82744702068386,-21.162100124477252,-20.13766171014166,127.10195370352089,-20.089117262971026,28.447209573128163,-21.10006445570634,5.077120845602508
-119.97610273935632,-40.78180716786538,18.517710574218338,38.889706298038305,30.223406397041817,-28.89402142431046,-36.4483898462623,-51.99716514931457,56.81403442603446,0.04821574000454041,-39.45482163473739,16.69809271132317
-152.60821956096152,22.14433779405856,8.7725066932514,-71.67239246959733,-43.64711791835744,-25.448043219413115,-34.05444250018895,-49.83448486123404,53.480491062989465,0.0,-24.875272148908046,17.135432080753333
-151.96109652157452,10.179350525300267,8.677367617739044,-77.65538076697115,-153.27000266718701,-40.31066406087931,-36.15774548828182,-49.876269954852276,46.59529976072173,22.822355894895807,9.084077840789899,20.19117721116828
-174.90304473178477,-15.990714854784105,17.02609345416481,32.15871717776336,36.11115840886836,-21.0999520071811,-24.97089506651696,-42.58646537271076,17.463472439077222,22.26646988045408,-36.89606557905711,21.267298791989987
-65.96653229053368,-83.2764847502129,15.80340091806486,37.12533653722392,53.52343132869525,-19.021340716558953,-30.74619175250579,-35.13164386809247,12.811319521092562,-27.221437075342408,-49.68340753372933,25.550886870619422
-68.17323248835646,-10.395256483073032,18.337593714663203,45.47657202857438,65.73249736462168,-25.32286707912232,-21.2415124717709,-33.72554266955357,14.837752431362757,-12.380094051904877,-35.9310537052716,23.129293342691852
-111.20967458384231,26.998499496213547,20.522925355204528,43.0155778197012,59.06093237732156,-20.100580620074254,-21.26735901778743,-41.98879521395631,31.422925738447102,11.733043661517499,1.157808497909836,32.706426988612385
-72.69112757207395,-25.09949189148496,26.2175809954829,38.116851745621915,29.430083813231974,-23.96628643850261,-34.79654823344263,-45.63542343161918,62.97911640241779,21.99084132646845,-31.513456479206347,11.52319133659276
-25.56459750103775,-76.24143738231166,14.424317098998635,-69.99466449440307,-43.143876322383214,-32.93352734637634,-38.052041874616975,-43.12285717747991,52.44861034930648,0.0,-41.07548338785962,22.277686486649543
-10.4958142249652,-37.653771990015024,5.137917581701224,-74.48903379501927,-158.5689024038129,-38.28528351058173,-48.189619222669194,-49.845095800520326,52.044385228932136,-39.74662201266287,-35.10847156648589,18.256879251499242
3.0550309438782026,25.87336853337843,16.43466270007898,45.94541318297356,50.73722947929148,-22.92205138005526,-24.41376417249015,-29.60355450588452,-8.78758103052346,-25.063947443093358,-17.461872509862644,26.4541092015761
-16.631698042527237,-124.68173730567263,16.501326847248382,37.29524968887627,52.75887042348871,-18.078169046413585,-28.49527080465905,-27.6163023347388,-8.083576321080315,16.60185346342718,-57.72148260661516,24.1025383641055
-23.836982846443078,-108.13608047022917,10.86305079580961,32.456887013654516,71.59858644709895,-24.6670291962835,-27.881427910451716,-28.048950162397286,6.6167852227995505,12.003805846177032,-31.6253923534833,24.971356530984508
-28.22299174466977,12.21785661552085,25.850186067294278,38.271573842839416,64.0315894364339,-24.65136593501342,-42.455362019447264,-31.40772864771223,20.90075288607355,18.90920108762614,-35.938654829227715,32.70017715751837
-45.53925197963921,14.25404281846615,14.048328996257242,45.49246699002265,31.514433714481058,-22.31638487120963,-30.995841744590795,-41.3107672267474,50.03571420977101,6.943128069997367,-38.44953059264708,29.296961939324756
-53.513722446019486,23.39688476653369,16.682375336463135,-87.503644836447,-39.993199367315114,-34.99336233904207,-31.891252989607935,-45.57395722563476,55.875003576400196,20.974455693421266,-12.582378355202657,22.18667468181181
-105.3596388510287,14.281504661205917,12.967090543924083,-68.97827579352062,-157.9553793217246,-34.492500629072325,-37.46517300397969,-62.79984509422208,40.73999326369595,26.239048878614312,-11.230078887452052,9.215931388100614
-109.16256397932719,25.60391470917836,16.59085846128619,42.952392210181266,50.047198550831695,-21.0813885652574,-26.019347333045722,-30.971851832378178,15.2103823121947,1.96508169876869,23.178325387269396,29.266988156909314
-94.6274507014774,27.062554259387053,18.637474706550037,41.555066782964175,61.76499841661383,-17.94691582184858,-23.147544483229666,-29.492366412258054,13.279665721134833,-19.354968089210278,-9.65268225877317,30.519857852070835
-50.26818772648666,-83.20097443791067,16.627423688357716,34.45503077631374,62.47548356660813,-20.473251379796594,-22.679100488406885,-39.85425639279913,20.167467145230166,-40.34879778677308,-31.327602717255047,24.462321935779443
-27.83768017899784,-50.25370893992172,14.832499060721533,42.004717056388536,63.67863816181581,-20.736081201777466,-31.860163502136576,-43.08622546264644,36.27995556302476,-69.71855417563148,-35.73734025695412,29.380449766007388
-13.957766113809441,-32.40453100166142,20.879372892418207,35.921436770394024,24.361668383513535,-26.736886524413638,-33.50499623247264,-38.73331781142818,52.07203186070135,-55.830541933064,-38.875833163251265,16.803232044215832
-20.055297167689663,-4.53651727008624,12.319017203624036,-67.24501058165404,-45.861448655725425,-34.18622420958441,-38.68648422449264,-58.39423997889731,22.6123138075318,-68.63196634041063,-36.845249593058675,-101.61482057134418
-20.731237356999006,-10.265830921036232,10.764516037882984,-71.64381513189555,-129.58254915784957,-33.64894848721647,-37.79311615791105,-41.835431397204516,16.553581305176408,-61.686977426181265,-35.901959161773235,-81.60563219992434
-9.506453388771849,2.9009191347085013,-257.3914285642481,-64.01119468663285,9.57810185136642,-18.61139815397961,-21.429699338604788,-27.03538799569543,-24.423580223017265,-21.883341638438882,-13.340823331549677,-76.4904019280761
-21.465825800382643,0.0,-256.4626990029573,-55.29352671959263,17.549760415773186,-17.829300661241795,-17.141202601735642,-30.876238127036107,-11.157137183588787,-14.29248375615684,-29.832382279014684,-84.59693318665484
-49.3792336791867,25.532706944711485,21.327067052515215,29.27738780602989,55.025456693164614,-28.38647090275863,-32.540539485162064,-47.2742267080578,-49.82813332418468,14.541872126806338,-11.724966147689258,-144.1501102870773
-35.47226125622571,-21.527702007268793,18.260378765986328,31.60505251592163,52.10489148007809,-29.6522963609088,-33.61540836991456,-48.17038652340684,-22.02805760409353,7.880400782021829,-45.91194052811444,-142.3363151506672
0.0,25.531293620541234,20.540847838558392,31.922929830925142,23.612063149059413,-33.11563137644112,-33.392323355729204,-52.864370038417356,-1.6751695516488105,-27.25647211241614,-17.97991504862836,-133.69257348192644
-10.448621454058632,-18.90052535995643,8.110223567289642,-65.81178942488567,-48.581382337556846,-29.721319797941234,-30.81947403630646,-62.234756467600334,30.300321339605535,5.498275658675122,-2.917124669013771,-96.6329729838273
-35.41643983463127,-10.73255261563644,14.196847738006204,-63.699747509124954,-130.29313776419548,-42.953550542075845,-35.618533042479534,-59.97170626843912,19.594989315136868,-7.113716831460481,-23.57948677118624,-97.18505739613073
-20.48316980774936,12.487307268589165,-255.7084191550641,-57.44357419327109,8.933149185192837,-17.487681400761073,-22.358761549447536,-24.071643396004678,-28.614714786579626,-25.499554434301565,-7.609773729401897,-83.41718576023453
-23.520593525507387,-133.57200912430002,13.30945316865231,21.98085960961227,43.41667135903811,-20.93029837698591,-27.977885210226077,-39.78507593492868,-16.475940847733522,-62.5319554632278,-50.80636324567007,-108.2722949953934
0.0,-97.56546772478863,12.076414958881466,26.25967735781507,42.84211922955131,-27.027741849011733,-32.537019263396836,-39.22345552447683,-19.253141678226715,-54.45503786436563,-49.61445994643235,-121.71431735253174
-26.45011677447261,18.991993002050293,20.223139169186386,34.145927681248644,52.41041065212006,-29.33940799622296,-34.310119474259814,-45.1412151438648,-19.615514065447048,-23.186790311724423,-11.794066968516804,-144.19323925129834
-47.580935334520426,21.724576617375632,18.69011936986591,35.45088071963971,28.575412921229116,-30.96451123273638,-33.42451051249449,-48.61721331200798,7.338213962336919,3.0965262022125537,-27.444964033814923,-139.53170251430265
-38.817722542722855,-11.324998533469879,-249.76067718919978,-61.85588473475576,-17.751965543990345,-25.77770418197992,-31.064455655172896,-44.28229010656624,12.111684006400846,12.69458744604053,-24.965201725439194,15.764816291372881
-86.01794621650927,-31.936228488029847,14.83127684702427,-77.0749797489198,-149.87123227813197,-34.17519697123521,-40.61878200064046,-53.23309079838315,61.75797779655057,-13.138593889286431,-28.477807454129046,17.320802084746788
-181.40688138144307,28.882611411601985,14.587091352463021,40.20898970629977,37.61438752167933,-20.69037771851818,-23.615080875437762,-42.33953234820436,18.965828322396163,-21.517978983105802,-40.759902527001,20.85759188767787
-224.3770163114592,28.40299530459049,16.162463200393542,38.33115121516547,54.605166607357916,-22.046700509272714,-22.94082045723718,-39.380443851697414,15.518532649915572,-8.712587233289923,2.4502248655740906,21.6921158493048
-199.9237582453889,24.117563100521135,19.34177711523285,39.888499763055144,66.2016174607305,-18.082270229375723,-27.287490463125856,-41.368808681455945,17.814304250379937,0.0,14.583698346816188,25.599788999846794
-225.2037681601903,32.70714697733727,17.560258933721144,35.90509717297689,47.008959293516185,-19.571483434752505,-27.61736458915843,-45.253783282648556,33.43453189672714,5.414384504026251,10.733163381865948,22.323534339049445
-206.0009998648729,24.479236008812222,14.827927875290142,40.94180538021654,24.516340236830775,-28.31386580332104,-38.88483926066427,-48.94826400602947,43.653396535443875,20.794991909820485,0.0,23.618600364694146
-168.1911586628868,29.517978247278265,13.76589727574581,-73.93568662880958,-39.69859804485652,-33.818412131694,-33.94665339376712,-52.33502928420905,50.87933458090763,0.0,-19.872881018223968,14.529194198454547
-154.29801210255664,24.55080951016718,3.4608978485295903,-78.86803864928424,-140.78736053043664,-29.164233514120507,-38.28092661543024,-52.12815832023573,41.60509785669424,-10.141661664874578,-24.683895195834477,12.587077599305701
-157.68892700788447,1.4085274379457031,21.454137502987578,36.771604371297705,39.951371344516595,-25.104474625453687,-29.41967495129594,-39.331273933925644,18.953080313757944,-25.453083825755133,-38.197555190344886,20.925711465765346
-177.64106221432684,24.13979047841291,18.67153555045598,37.130033633509356,54.43201588309818,-18.023081975466454,-18.191906798686116,-36.80846229714501,10.525275881823974,13.954971239243346,6.013803874159732,23.240723982469532
-123.27034872404575,-119.89201460294113,13.650410843430777,31.92294190813847,61.04700846105959,-21.68001744816549,-29.537688431479918,-39.21192726385912,24.790412438450403,13.510894885317112,-45.74088557212782,23.562095616818397
-157.81514615818244,-146.95487350675145,14.713825723681033,25.648887639451797,51.84255310878778,-17.544783092897298,-26.36634424019358,-40.893604913870256,40.04990131863083,0.0,-46.96232611278965,26.095878282228682
-212.2681910821588,23.391043818875747,18.476285942367866,38.61094794288479,24.601510999502356,-25.546059862763272,-38.695523725572784,-47.62583142480678,43.93445947646918,20.860634268250532,-16.77381327636735,23.831872891335934
-231.4717378797475,23.668138521457816,13.665444296582505,-69.62091991500225,-41.85959247736607,-26.397680101121402,-33.966809009767815,-55.87576799992552,44.08300201451527,22.4679628350756,10.300153119584785,12.650052231700727
-132.21399165812147,20.717347582367264,10.346588027968133,-79.04501230034279,-153.3204752133809,-25.89155034381188,-41.46136093916001,-58.64267360696471,47.8013462411038,17.61210401502542,-5.306780652425502,11.255444718103718
-33.95510045155758,-72.9610759452314,14.623842419567913,38.67497284091911,42.98042049207508,-29.407359866789943,-27.442524153814606,-40.73143790312643,5.771408831069237,-26.43622635784989,-46.298559544416385,29.604494406000356
-21.82440630891908,15.356287135243022,22.513848697814222,47.47744794108727,64.06391249229023,-19.592174644830326,-29.54458670632626,-28.882469563149435,0.0,-32.210881041862976,-9.462578458031876,30.363629784077574
22.033624285151497,-19.850704713511696,19.433829196470043,47.202572612365316,75.71232190572084,-21.497496760600004,-25.80380133485227,-32.87798022852668,-2.924908276352141,-34.924775090332176,-36.97160764930023,21.519374814753597
-13.72435695667632,2.1286624184109617,18.094956982551547,45.124054618379304,55.892393061927166,-24.801362106657795,-29.753817987790338,-29.013059469819726,9.188068608843004,4.674628357681881,-10.836599633165763,27.519141609489694
